"Type","User Name","Comment Text","Comment HTML","Attachments","Comment Id","Parent Id","Comment Depth","Replies Count","User Id","User Profile Picture","Created At","Scraped At"
"COMMENT","Anjas mara","G g","G g","","Y29tbWVudDoyOTg1MTc3MTc4MzMxMTQyXzI5ODUxNzgwOTgzMzEwNTA=","","0","0","61570359214531","https://scontent.fsub6-6.fna.fbcdn.net/v/t39.30808-1/473815429_122111970140678640_4102470514517660228_n.jpg?stp=c0.0.720.720a_cp0_dst-jpg_s50x50_tt6&_nc_cat=100&ccb=1-7&_nc_sid=2d3e12&_nc_eui2=AeG0TVXYeapd5qOfT_diy4rn6Fb405spHV_oVvjTmykdX0ljkBv1KIBUTCa0l-30m0hfMlAzQYV03GRYgkHsEqqm&_nc_ohc=pPD7dHFonn0Q7kNvwHFVSec&_nc_oc=AdmD9P4yYQpgoUiD1xAWqTZ4gIQ9ijaNxI6t6VgU2yP_JV0npfHa7UczkvQXTVMT2ks&_nc_zt=24&_nc_ht=scontent.fsub6-6.fna&_nc_gid=uL_4rlz3q1V89zYetqp5Dw&oh=00_AfMalKZmQHkJ_eFNbH_d4oAZHRfBP_VwfALRAHCHmEQESA&oe=685DD295","2025-06-15T17:25:06.000Z","2025-06-22T13:25:19.741Z"
"COMMENT","selvia","","","https://scontent.fsub6-6.fna.fbcdn.net/v/t39.1997-6/481247461_9007337942698440_1761299959839380911_n.webp?_nc_cat=109&ccb=1-7&_nc_sid=72b077&_nc_eui2=AeFVRudisz91J1savA-Y9YB68Yg03yTapInxiDTfJNqkiUnKEw0_TJUyBT2VHcPu3kZ2uEi70Wp-4_-LRPUCvyOu&_nc_ohc=A8iMrpdxaHwQ7kNvwG2btWb&_nc_oc=AdmZ4fEdg51QR0F5W9D-3HXu6090Ab2TnODPZwkgMN-lPygRwsUVp3ETlj02Wt8F_34&_nc_zt=26&_nc_ht=scontent.fsub6-6.fna&_nc_gid=uL_4rlz3q1V89zYetqp5Dw&oh=00_AfNs42JLAWGo2ZRICUa9PgWTTDx47QE09Qq3e-fO4KVJtw&oe=685DE599","Y29tbWVudDoyOTg1MTc3MTc4MzMxMTQyXzI5ODUxODU0MzE2NjM2NTA=","","0","0","61571361608810","https://scontent.fsub6-1.fna.fbcdn.net/v/t39.30808-1/472235192_1864158380990434_8970819860693051646_n.jpg?stp=c0.0.720.720a_cp0_dst-jpg_s50x50_tt6&_nc_cat=106&ccb=1-7&_nc_sid=2d3e12&_nc_eui2=AeHLZHczA9xLAMHEcGtIvWBAFQjhX3zXmRIVCOFffNeZEutxYtxvmWbb215WalI2IKqzlrw8NfHRt2LA1GD0yfJ_&_nc_ohc=0V64Igow-IAQ7kNvwE_nIKd&_nc_oc=AdmvlstZpVpcLr_ZQiUllWizuYMmZTV8ltU-2ZLFYwhG92oSPkfCwgVcGuxchFdBq04&_nc_zt=24&_nc_ht=scontent.fsub6-1.fna&_nc_gid=uL_4rlz3q1V89zYetqp5Dw&oh=00_AfP9rDNnNYSNgrYNmNDI9BiHOZ8ptbuTzZZBYwouduBbWQ&oe=685DCDA8","2025-06-15T17:30:49.000Z","2025-06-22T13:25:19.741Z"
"COMMENT","Indah baru","G g ada","G g ada","","Y29tbWVudDoyOTg1MTc3MTc4MzMxMTQyXzI5ODUyMDA1ODQ5OTU0Njg=","","0","0","61571917658611","https://scontent.fsub6-4.fna.fbcdn.net/v/t39.30808-1/474147337_122101001672730588_6205978227752638416_n.jpg?stp=cp0_dst-jpg_s50x50_tt6&_nc_cat=101&ccb=1-7&_nc_sid=2d3e12&_nc_eui2=AeHupR9kyhoIfr4sMM8oe4N1YJDOV_ecJSpgkM5X95wlKpGu1AEPJgepPdNF8jDgXSrmItCcHO6P7A705ndOBdhX&_nc_ohc=-VE8anuXHMsQ7kNvwHDl4pN&_nc_oc=AdlfRs0rg2k4VWLAQUumgzFyc7wow5sLXMnrGyP7LRPwmHMZXAj3hO2gtLDpDuSd8UM&_nc_zt=24&_nc_ht=scontent.fsub6-4.fna&_nc_gid=uL_4rlz3q1V89zYetqp5Dw&oh=00_AfOw3nZ5k4VVEldkH-1dQI0PqgIKxPqCfhEq5pltkeUxlw&oe=685DC4A9","2025-06-15T17:45:11.000Z","2025-06-22T13:25:19.741Z"
"COMMENT","Sunni ","Hi ☺️","Hi ☺️","","Y29tbWVudDoyOTg1MTc3MTc4MzMxMTQyXzI5ODUyMjQ1MzgzMjY0MDY=","","0","0","61572463514238","https://scontent.fsub6-7.fna.fbcdn.net/v/t39.30808-1/476119455_1885447732194832_6581471405243415751_n.jpg?stp=c108.0.518.518a_cp0_dst-jpg_s50x50_tt6&_nc_cat=102&ccb=1-7&_nc_sid=2d3e12&_nc_eui2=AeE0by34VWMqcgA19I-fNVA0lJ7_tIPWWSeUnv-0g9ZZJwSfzsL-9giQuPRv2qX_g1EPiGy57Zz8RXN0aHPcPsmY&_nc_ohc=8wDNkSJDY2kQ7kNvwG16xMR&_nc_oc=AdlDYDXnLsyZE5-IAdb_pDfiAlLXFuhEl-BMXjKqpgZaIP0PytU-cNTI8rAln1rD_EU&_nc_zt=24&_nc_ht=scontent.fsub6-7.fna&_nc_gid=uL_4rlz3q1V89zYetqp5Dw&oh=00_AfPd6eMy2Ts-j5hclK29P_6dyevS8xyZJkT6gobDPXdYzQ&oe=685DC2B3","2025-06-15T18:07:39.000Z","2025-06-22T13:25:19.741Z"
"COMMENT","Eliyanti Mirna","His","His","","Y29tbWVudDoyOTg1MTc3MTc4MzMxMTQyXzI5ODUzNzg4NzE2NDQzMDY=","","0","0","61569719244326","https://scontent.fsub6-6.fna.fbcdn.net/v/t39.30808-1/503216092_122131669922657308_6848395101198044685_n.jpg?stp=cp0_dst-jpg_s50x50_tt6&_nc_cat=100&ccb=1-7&_nc_sid=1d2534&_nc_eui2=AeGDYzK1kabsGX1e-S9z36ymsx0MjPKZic-zHQyM8pmJz9LkUs7H3lIkC8VVhHz2fIs1ZoQ-zKEGAf_1hKhjpq3R&_nc_ohc=L1n21g79QcAQ7kNvwErLYi4&_nc_oc=AdniIMNdaCwsuDy4V1aZoNr4eOJnhXCC4cdBtiCHKX-Swd8u7QJpToDt8G5F-fx1baA&_nc_zt=24&_nc_ht=scontent.fsub6-6.fna&_nc_gid=uL_4rlz3q1V89zYetqp5Dw&oh=00_AfOMTpm5TaKUnLapqGLHfnM7X5jXKgQQ5gITH3MncJK4Wg&oe=685DBFD9","2025-06-15T19:48:11.000Z","2025-06-22T13:25:19.741Z"
"COMMENT","hilaf halifah","Mereka di antaranya","Mereka di antaranya","","Y29tbWVudDoyOTg1MTc3MTc4MzMxMTQyXzI5ODUzOTE4NjE2NDMwMDc=","","0","0","61576918803106","https://scontent.fsub6-3.fna.fbcdn.net/v/t39.30808-1/503582488_122098642226897293_5497567797919988583_n.jpg?stp=cp0_dst-jpg_s50x50_tt6&_nc_cat=108&ccb=1-7&_nc_sid=2d3e12&_nc_eui2=AeGPI5Ay4-TKZR6iD7WdK1NWpTKmf7gv_3elMqZ_uC__d0sufjkDxYgU5XvpFjDhf5Lk2bA8lVoa0CgplK8dj13Z&_nc_ohc=XaaQGpzn2VIQ7kNvwFUfgmr&_nc_oc=Adn3BhzqtKxpOqkK7Kxurc4cFPzKaS296ZGu-6E1FcNnpOw26tpUEhtfXQu9ToiAgL8&_nc_zt=24&_nc_ht=scontent.fsub6-3.fna&_nc_gid=uL_4rlz3q1V89zYetqp5Dw&oh=00_AfOe6_JCr10s4ntkPN8BEFrDxxnG2Tq4tLX0SnG0dKyyPA&oe=685DC723","2025-06-15T20:02:23.000Z","2025-06-22T13:25:19.741Z"
"COMMENT","mirna Amelia ","Well","Well","","Y29tbWVudDoyOTg1MTc3MTc4MzMxMTQyXzI5ODUzOTk2MDE2NDIyMzM=","","0","0","61576855072611","https://scontent.fsub6-6.fna.fbcdn.net/v/t39.30808-1/509360022_122111994344895169_7841877678326178537_n.jpg?stp=cp0_dst-jpg_p50x50_tt6&_nc_cat=105&ccb=1-7&_nc_sid=2d3e12&_nc_eui2=AeGYemWAaHtf2A4iw3MJZDInToik90DadmNOiKT3QNp2Y4wGIIyl8VSR9x0HPooQGR8yUSVTocdXY35rEIPCNXEu&_nc_ohc=l31JIRyIOhUQ7kNvwFSx9pp&_nc_oc=AdnE2wF4iiFeKAGG2blP7RGKCVTws3hhTJNuf79dOzN-cXQaZIJsHuiamcjjZt0X4iA&_nc_zt=24&_nc_ht=scontent.fsub6-6.fna&_nc_gid=uEAv8afkFENQPoMdH0o3xw&oh=00_AfPTsB9s8AHV-pTLLY4aemmTIRNBz56jrdwamUcQgtdEWQ&oe=685DC8AC","2025-06-15T20:11:08.000Z","2025-06-22T13:25:31.412Z"
"COMMENT","murai batu","WD lancar senyum lebar 😂","WD lancar senyum lebar 😂","","Y29tbWVudDoyOTg1MTc3MTc4MzMxMTQyXzI5ODU5NzI2NzgyNTE1OTI=","","0","0","61577299112845","https://scontent.fsub6-7.fna.fbcdn.net/v/t39.30808-1/506470984_122133336188657308_5801352082246967244_n.jpg?stp=c0.36.1080.1080a_cp0_dst-jpg_s50x50_tt6&_nc_cat=102&ccb=1-7&_nc_sid=2d3e12&_nc_eui2=AeEyapJzq4aoh2bAYLUqAGGbU7siTYZuxPxTuyJNhm7E_IbPKsF5VdYZrxSvQXShE7lqAsTbmWNcc1o9AtCNXY4T&_nc_ohc=T-j1B6xMpKsQ7kNvwEqvxiM&_nc_oc=Adn7_s1SdBumIvNX4jrEukHc_F9fDdnGbhb-JHSKx01LnJqm7xBkmgHJtmTjU2i4X1k&_nc_zt=24&_nc_ht=scontent.fsub6-7.fna&_nc_gid=uEAv8afkFENQPoMdH0o3xw&oh=00_AfOdJRhv_XFtSxq3vSoShtTbbGqASWeAOKfliKqCgejSrw&oe=685DE257","2025-06-16T03:24:09.000Z","2025-06-22T13:25:31.412Z"
"COMMENT","Svip2 ","Masih hangat","Masih hangat","","Y29tbWVudDoyOTg1MTc3MTc4MzMxMTQyXzI5ODYwMDYyODgyNDgyMzE=","","0","0","61577239551393","https://scontent.fsub6-4.fna.fbcdn.net/v/t39.30808-1/504041356_122093644664907985_4336445926700460626_n.jpg?stp=cp0_dst-jpg_s50x50_tt6&_nc_cat=101&ccb=1-7&_nc_sid=111fe6&_nc_eui2=AeHmE5CNhwZhBzILKs7hhAW6RIJM4CsEE75EgkzgKwQTvrHYQQI30ZYTD7hfNIoMTtx5Sr50Noqfc6EuxBRbp7g3&_nc_ohc=y4pbPlE7_Q0Q7kNvwGnqny0&_nc_oc=AdmtzO8SKueEgXgjeLD7JKPM4G7UYf58fEqR0T6vmCrn6QnkaW0pBVohoYnJ-DzSoCo&_nc_zt=24&_nc_ht=scontent.fsub6-4.fna&_nc_gid=uEAv8afkFENQPoMdH0o3xw&oh=00_AfNKylEuDywGBUNJ_iGt8WDUvciL2098vXwnmU7x_Olhhg&oe=685DBC23","2025-06-16T03:49:11.000Z","2025-06-22T13:25:31.412Z"
"COMMENT","seri gunting ","Mereka di antaranya adalah hilafku","Mereka di antaranya adalah hilafku","","Y29tbWVudDoyOTg1MTc3MTc4MzMxMTQyXzI5ODYwMjc2OTgyNDYwOTA=","","0","0","61577549725829","https://scontent.fsub6-1.fna.fbcdn.net/v/t39.30808-1/507021325_122141754962624065_8873175852122524009_n.jpg?stp=c0.0.685.685a_cp0_dst-jpg_s50x50_tt6&_nc_cat=110&ccb=1-7&_nc_sid=2d3e12&_nc_eui2=AeGUNKr3T_b_njC_-G0UygPptiPS74Mmyb62I9LvgybJvjjnLKpPz6Ufe2_CjOb8cV7TQ46nG1jZuQt7S2ClztMw&_nc_ohc=ezYCVhc74pMQ7kNvwHIkVT-&_nc_oc=AdlV1YBYhfLHnqc2xddkH4hWTUyHRLzJPcRco4l5pQbFGC74Mv2RCRmsyRGt2Yd_T6E&_nc_zt=24&_nc_ht=scontent.fsub6-1.fna&_nc_gid=uEAv8afkFENQPoMdH0o3xw&oh=00_AfO2BiBgWc4zQyVsV0tfGLD6AkGw8dmHGo9b8xfT-hxDnw&oe=685DD32F","2025-06-16T03:59:31.000Z","2025-06-22T13:25:31.412Z"
"COMMENT","Cuan Meledak ","Makin lama makin jelas hoki","Makin lama makin jelas hoki","","Y29tbWVudDoyOTg1MTc3MTc4MzMxMTQyXzI5ODYwNjA3NjE1NzYxMTc=","","0","0","61576955466056","https://scontent.fsub6-7.fna.fbcdn.net/v/t39.30808-1/504118067_122100486464898515_1226726245605016580_n.jpg?stp=c440.0.720.720a_cp0_dst-jpg_s50x50_tt6&_nc_cat=103&ccb=1-7&_nc_sid=111fe6&_nc_eui2=AeEXwJqx5Nck1RnRtZ60NZXkmoxjYq5_6RmajGNirn_pGYJZbm1bpp_6yhPGVOhKL2E9sWIRGrxxzV8H49SeNiuv&_nc_ohc=1mxKKdX7l50Q7kNvwFTW2JF&_nc_oc=AdmlsXt4lZzuV8vso6JbBRrH6NmHAvE--xNSp2sMwEJlcX03msJ6bbmPeIK0mws9kTw&_nc_zt=24&_nc_ht=scontent.fsub6-7.fna&_nc_gid=uEAv8afkFENQPoMdH0o3xw&oh=00_AfPI3w-zdlKquH33K6ArLxYbAxBN6-0yylrMbcw0RZvSpw&oe=685DD0B9","2025-06-16T04:41:53.000Z","2025-06-22T13:25:31.412Z"
"COMMENT","Indah Amelia Larasati","Cuan poll bahh ni situsSAKAU007","Cuan poll bahh ni situsSAKAU007","https://scontent.fsub6-7.fna.fbcdn.net/v/t39.30808-6/507561304_122115229256881723_5104257214611504279_n.jpg?stp=dst-jpg_p75x225_tt6&_nc_cat=103&ccb=1-7&_nc_sid=bd9a62&_nc_eui2=AeHfKYU3XqMr9RxF8gI5Rp7BYqMinR9atQNioyKdH1q1AwKjiw39cYJTpFGvO4rAa5uNdPXmU6MPGSNlmpq8LWmI&_nc_ohc=iJrj_WEvD54Q7kNvwEEVjHp&_nc_oc=AdmT5mDb9Bv52avmo5188nWXoifgzhZbHjssiJpnxyph1mQUBXF4NAebb9GkVvNvOsM&_nc_zt=23&_nc_ht=scontent.fsub6-7.fna&_nc_gid=uEAv8afkFENQPoMdH0o3xw&oh=00_AfNOrpnG41GNiAEcAbCqPA-AEG9gFkRxZrzKiZ1KMbHfVg&oe=685DE75D","Y29tbWVudDoyOTg1MTc3MTc4MzMxMTQyXzI5ODYwNjY0MzgyNDIyMTY=","","0","0","61576451708761","https://scontent.fsub6-1.fna.fbcdn.net/v/t39.30808-1/500025103_122102791484881723_8471407142537776351_n.jpg?stp=c0.96.576.576a_cp0_dst-jpg_s50x50_tt6&_nc_cat=106&ccb=1-7&_nc_sid=e99d92&_nc_eui2=AeG0nilfaTvqajNmkTdzaLfEohldpUBRkSWiGV2lQFGRJdKGyO_ZH4vUvxyzY2A5CzOsIm_6PElfxkIKCbygOczo&_nc_ohc=NaPoIJRPrMkQ7kNvwHh0vKM&_nc_oc=Adnmnk5mfHY9l8NoSs8Wzm5owpaVlFh-cLgA0dxDe1bLeYRn9DdiSpIfxPKZm--mX6I&_nc_zt=24&_nc_ht=scontent.fsub6-1.fna&_nc_gid=uEAv8afkFENQPoMdH0o3xw&oh=00_AfPKtFUZ_jDaCjNV2odl7_2ty_vF_T6cBohgqc1mZs3aSg&oe=685DF173","2025-06-16T04:49:25.000Z","2025-06-22T13:25:31.412Z"
"COMMENT","Sidkd Audjs","bahkan semenjak gabung di #𝐌𝐄𝐕𝐈𝐔𝐒𝐓𝐎𝐓𝐎 gk tau kpn terakhir kalah","bahkan semenjak gabung di #𝐌𝐄𝐕𝐈𝐔𝐒𝐓𝐎𝐓𝐎 gk tau kpn terakhir kalah","","Y29tbWVudDoyOTg1MTc3MTc4MzMxMTQyXzI5ODYwNzU1ODQ5MDc5Njg=","","0","0","61554189322993","https://scontent.fsub6-3.fna.fbcdn.net/v/t1.30497-1/453178253_471506465671661_2781666950760530985_n.png?stp=cp0_dst-png_s50x50&_nc_cat=1&ccb=1-7&_nc_sid=136b72&_nc_eui2=AeHOqtZNVALdn2MHOHqSzbBYWt9TLzuBU1Ba31MvO4FTUASV-n6VSik3Oy1-Dv_1quQ7LzkGAf22TosRpS6comjv&_nc_ohc=cngcqYQ8dQ0Q7kNvwHDZKup&_nc_oc=Adk85CgNUVBGsMAdyEUe41ZoNnXajpdawchMQMLm67o6SiQF8ZEA91lRY6GvvE5CbkI&_nc_zt=24&_nc_ht=scontent.fsub6-3.fna&oh=00_AfOMoqsM4nnVfHFGAsu4Of3Q5I2FVm5ozB7w_RjWKZ3pZA&oe=687F89FA","2025-06-16T05:01:23.000Z","2025-06-22T13:25:31.412Z"
"COMMENT","Ernawati","𝐒𝐈𝐁𝐀𝐘𝐀𝐑 emang paling pinter ngambil hati member❤","𝐒𝐈𝐁𝐀𝐘𝐀𝐑 emang paling pinter ngambil hati member❤","","Y29tbWVudDoyOTg1MTc3MTc4MzMxMTQyXzI5ODYxMTU4NjgyMzcyNzM=","","0","0","100038736942995","https://scontent.fsub6-3.fna.fbcdn.net/v/t1.30497-1/453178253_471506465671661_2781666950760530985_n.png?stp=cp0_dst-png_s50x50&_nc_cat=1&ccb=1-7&_nc_sid=136b72&_nc_eui2=AeHOqtZNVALdn2MHOHqSzbBYWt9TLzuBU1Ba31MvO4FTUASV-n6VSik3Oy1-Dv_1quQ7LzkGAf22TosRpS6comjv&_nc_ohc=cngcqYQ8dQ0Q7kNvwHDZKup&_nc_oc=Adk85CgNUVBGsMAdyEUe41ZoNnXajpdawchMQMLm67o6SiQF8ZEA91lRY6GvvE5CbkI&_nc_zt=24&_nc_ht=scontent.fsub6-3.fna&oh=00_AfOMoqsM4nnVfHFGAsu4Of3Q5I2FVm5ozB7w_RjWKZ3pZA&oe=687F89FA","2025-06-16T05:31:34.000Z","2025-06-22T13:25:31.412Z"
"COMMENT","rena wilda","Good luck 💯","Good luck 💯","","Y29tbWVudDoyOTg1MTc3MTc4MzMxMTQyXzI5ODYxMjM3NTQ5MDMxNTE=","","0","0","61575510685468","https://scontent.fsub6-7.fna.fbcdn.net/v/t39.30808-1/505984667_122118391256850356_2805079129415532311_n.jpg?stp=cp0_dst-jpg_p50x50_tt6&_nc_cat=102&ccb=1-7&_nc_sid=2d3e12&_nc_eui2=AeHM6n73nzIpmyxnJ40fpsEEbq9rnaojV-hur2udqiNX6ChWZLHdGNHVmDhsnmIu5kUwHqFNfK_1QK_exvYSp3TK&_nc_ohc=ieU3cVTCwW8Q7kNvwGIpH3b&_nc_oc=AdlenUaL9nakWvzVYhfdfcFWpes-sJBhoAM3Fafm0dyad63eQ4OBCjzuyOu7QFTNuqY&_nc_zt=24&_nc_ht=scontent.fsub6-7.fna&_nc_gid=uEAv8afkFENQPoMdH0o3xw&oh=00_AfO5adw_W7g6BHKS5eUVYed2EHmX3mz6JG-fnJouos_vEA&oe=685DDD4E","2025-06-16T05:41:39.000Z","2025-06-22T13:25:31.412Z"
"COMMENT","Indah Saura","Rekomendasi","Rekomendasi","https://scontent.fsub6-6.fna.fbcdn.net/v/t39.1997-6/487316431_4245645719050252_6417929174308434943_n.webp?_nc_cat=100&ccb=1-7&_nc_sid=72b077&_nc_eui2=AeGmQKSfmKvY71DODSFit-049OaYiJbFNRD05piIlsU1EPjtWVqiqA986qfvdWWo1N96XaWZYXTWySatAz76bo5D&_nc_ohc=GqnXnyK-8tcQ7kNvwEy_gzk&_nc_oc=Adln-nWyJF6touI0qrnO2tF0ENYhsAY21CV2DDvt9hLiwS-NwhkTw-1P-KbKRHgoXl4&_nc_zt=26&_nc_ht=scontent.fsub6-6.fna&_nc_gid=uEAv8afkFENQPoMdH0o3xw&oh=00_AfMMmZcV14z_7R-J5q2lXq1JR49H5fK2q3j10Brb2Ws03w&oe=685DEF55","Y29tbWVudDoyOTg1MTc3MTc4MzMxMTQyXzI5ODYxODA5OTgyMzA3NjA=","","0","0","61570657590664","https://scontent.fsub6-4.fna.fbcdn.net/v/t39.30808-1/470573287_122097693188688586_52945851607997129_n.jpg?stp=c0.0.966.966a_cp0_dst-jpg_s50x50_tt6&_nc_cat=101&ccb=1-7&_nc_sid=e99d92&_nc_eui2=AeFEaaP9n4dCLAu49jFjKDLmev8WkM2JE6d6_xaQzYkTp7TRtUusJBgGsOJ-KtW7zEk2QN3DnxtGIih6Rw8T8TT8&_nc_ohc=pxEw7KHHOFwQ7kNvwEVQDkN&_nc_oc=Adl02Bp9BY507SGGEVjeLmJTQa_BSmE6u0zTwanQzH-FJn81n9pSO2aGocg_QcGoEH0&_nc_zt=24&_nc_ht=scontent.fsub6-4.fna&_nc_gid=uEAv8afkFENQPoMdH0o3xw&oh=00_AfOtCN2Twta3Hi1FpLwlYpfjo5JWBGPGArcxkfznU2-GpA&oe=685DC2F8","2025-06-16T06:09:49.000Z","2025-06-22T13:25:31.412Z"
"COMMENT","svip8 ","Good luck","Good luck","","Y29tbWVudDoyOTg1MTc3MTc4MzMxMTQyXzI5ODYyMDYxMDgyMjgyNDk=","","0","0","61576886881087","https://scontent.fsub6-6.fna.fbcdn.net/v/t39.30808-1/504064890_122098476428896229_1932653748271986424_n.jpg?stp=cp0_dst-jpg_s50x50_tt6&_nc_cat=105&ccb=1-7&_nc_sid=2d3e12&_nc_eui2=AeG9IRxZv2fmvflmaQ8OJ2Gxkd7yWnCGwq6R3vJacIbCrk7rsR3xvMEvxymQ8CeC90fh0w0u3t07wazeO0CYCroK&_nc_ohc=LXmG7AlmImgQ7kNvwGo533G&_nc_oc=Adk1mxyr7fhEGwJju8vkIjkdxfJU0_OIl_pPklXuf3H8vBkkH3sMup8dHZnqhVFPcQo&_nc_zt=24&_nc_ht=scontent.fsub6-6.fna&_nc_gid=HkYf65sj_uqJlI5KT2i2BA&oh=00_AfNJXcIuY7vpCu4-L2aO-G2mlSKMUGyFqAsYcwdiSZqGMw&oe=685DF2CF","2025-06-16T06:27:45.000Z","2025-06-22T13:25:43.801Z"
"COMMENT","sangkar burung pejantan ","Hujan deras dari sekian banyaknya jumlah ini","Hujan deras dari sekian banyaknya jumlah ini","","Y29tbWVudDoyOTg1MTc3MTc4MzMxMTQyXzI5ODYyMjExOTE1NjAwNzQ=","","0","0","61577390092234","https://scontent.fsub6-1.fna.fbcdn.net/v/t39.30808-1/505823672_122093698496913003_874238049549019768_n.jpg?stp=cp0_dst-jpg_s50x50_tt6&_nc_cat=110&ccb=1-7&_nc_sid=2d3e12&_nc_eui2=AeGJ9FxNi3so5YcGraTnp1Sk01du--0ncBPTV2777SdwE4I3JHUIHkGKmo1Q4HUFEDvL7yyBMppbqaWQMD5XOYMp&_nc_ohc=3wm-FHOBoEIQ7kNvwEBKs4Y&_nc_oc=AdlsLM1flwrcxc7-CCyGXU8aOZ8FvZ175XvF-tp-6sFAFjJqAE-KBBbO570jscJVjPU&_nc_zt=24&_nc_ht=scontent.fsub6-1.fna&_nc_gid=HkYf65sj_uqJlI5KT2i2BA&oh=00_AfOfKiUTJVxaqzr6jXavomMzuBGuBKZeXXpl5Y14vBrqXQ&oe=685DEDD1","2025-06-16T06:46:07.000Z","2025-06-22T13:25:43.801Z"
"COMMENT","gagak Hitam ","Bosan rungkad","Bosan rungkad","","Y29tbWVudDoyOTg1MTc3MTc4MzMxMTQyXzI5ODc5MTg3MzEzOTAzMjA=","","0","0","61577392799141","https://scontent.fsub6-1.fna.fbcdn.net/v/t39.30808-1/508219459_122097550952913093_7341186724278960935_n.jpg?stp=cp0_dst-jpg_s50x50_tt6&_nc_cat=110&ccb=1-7&_nc_sid=2d3e12&_nc_eui2=AeGCPIDhclslFyI1khDxZKm0LCRIk6fonOQsJEiTp-ic5HZQ7Z7G9GpDDEYOn0gOI-gqGaPjH9_Bz6yR0ZXHdS9k&_nc_ohc=h2z6CKk3CVcQ7kNvwFgJ_wt&_nc_oc=Adl4xP0cT3Qm5OoEf9R0laQFnU9hQS6FNcJ3HtfdbcQ1LZ8EjA0BNZeIhxiUXDmIwNY&_nc_zt=24&_nc_ht=scontent.fsub6-1.fna&_nc_gid=HkYf65sj_uqJlI5KT2i2BA&oh=00_AfNGpGB51UO_JmmwL57t8PrYtVuqYNlNZhFXCXUmR01CJQ&oe=685DDEC8","2025-06-17T07:41:20.000Z","2025-06-22T13:25:43.801Z"
"COMMENT","Abang sayang","Gagah bray apk baru rilis nih","Gagah bray apk baru rilis nih","","Y29tbWVudDoyOTg1MTc3MTc4MzMxMTQyXzI5ODg0MjQzNDgwMDY0MjU=","","0","0","61570152998153","https://scontent.fsub6-1.fna.fbcdn.net/v/t39.30808-1/469805497_122101133390671766_1097677469598803858_n.jpg?stp=cp0_dst-jpg_s50x50_tt6&_nc_cat=110&ccb=1-7&_nc_sid=2d3e12&_nc_eui2=AeH7WasHyqyhQVQi-FdisdwQo-OzWKfuQYqj47NYp-5BisK4lpyMMPKv5Xfrlyw4lZJ3Omzt-ajTpTSTWO6B_ZSX&_nc_ohc=teV_HU7SQiMQ7kNvwFKsjcz&_nc_oc=AdmEgCMeI0q_qZGexQYwQOB-rO3jYpl_vNP0ttHnYwoHV_6CfxOQCXP4Lt8m_cwaTec&_nc_zt=24&_nc_ht=scontent.fsub6-1.fna&_nc_gid=HkYf65sj_uqJlI5KT2i2BA&oh=00_AfNFply30DAgt4SXSV1fgWvnQ-UoTgKzbgCdff1q0hnY1w&oe=685DE152","2025-06-17T15:41:59.000Z","2025-06-22T13:25:43.801Z"
"COMMENT","Abang sayang","Menyala bos","Menyala bos","https://scontent.fsub6-3.fna.fbcdn.net/v/t39.1997-6/47614232_1846683475430536_3135922765756891136_n.png?stp=cp0_dst-png_s110x80&_nc_cat=1&ccb=1-7&_nc_sid=23dd7b&_nc_eui2=AeGg5yFHq8qGHyMC4sltvSR9b69st7evT05vr2y3t69PTpkMOwbp_m2nfrCI4YhZXJAKUohtzwa1dr0n9i_8cwxl&_nc_ohc=Yg-q4aSI6JMQ7kNvwF0M5eM&_nc_oc=Adnf9LFkQWX2OoHuBz4ZZhB4jqs4v69HNQ6leISunwBO22OqlVBWBponyZZTcnnerHc&_nc_zt=26&_nc_ht=scontent.fsub6-3.fna&_nc_gid=HkYf65sj_uqJlI5KT2i2BA&oh=00_AfP2qM5EMmAhyvoTukawzPTVALzB5_7Yxu4sJnNtoXLG1Q&oe=685DCD63","Y29tbWVudDoyOTg1MTc3MTc4MzMxMTQyXzI5ODg0MzAxMzgwMDU4NDY=","","0","0","61570152998153","https://scontent.fsub6-1.fna.fbcdn.net/v/t39.30808-1/469805497_122101133390671766_1097677469598803858_n.jpg?stp=cp0_dst-jpg_s50x50_tt6&_nc_cat=110&ccb=1-7&_nc_sid=2d3e12&_nc_eui2=AeH7WasHyqyhQVQi-FdisdwQo-OzWKfuQYqj47NYp-5BisK4lpyMMPKv5Xfrlyw4lZJ3Omzt-ajTpTSTWO6B_ZSX&_nc_ohc=teV_HU7SQiMQ7kNvwFKsjcz&_nc_oc=AdmEgCMeI0q_qZGexQYwQOB-rO3jYpl_vNP0ttHnYwoHV_6CfxOQCXP4Lt8m_cwaTec&_nc_zt=24&_nc_ht=scontent.fsub6-1.fna&_nc_gid=HkYf65sj_uqJlI5KT2i2BA&oh=00_AfNFply30DAgt4SXSV1fgWvnQ-UoTgKzbgCdff1q0hnY1w&oe=685DE152","2025-06-17T15:48:40.000Z","2025-06-22T13:25:43.801Z"
"COMMENT","Zia Hnsk","👑 𝐏𝐈𝐋𝐎𝐓𝟏𝟑𝟖 PROMO BONUS 24  JAM 100% 👑
💎Depo 30+30
▪️Tanpa makasimal WD
▪️BEBAS IP
▪️ BISA DI CLAIM 2X","👑 𝐏𝐈𝐋𝐎𝐓𝟏𝟑𝟖 PROMO BONUS 24  JAM 100% 👑
💎Depo 30+30
▪️Tanpa makasimal WD
▪️BEBAS IP
▪️ BISA DI CLAIM 2X","","Y29tbWVudDoyOTg1MTc3MTc4MzMxMTQyXzI5ODg0MzI1MTQ2NzIyNzU=","","0","0","61577291847470","https://scontent.fsub6-6.fna.fbcdn.net/v/t39.30808-1/506353688_122096057246909728_1755120563415627273_n.jpg?stp=cp0_dst-jpg_s50x50_tt6&_nc_cat=100&ccb=1-7&_nc_sid=e99d92&_nc_eui2=AeFhsgomSCs-MTPvJt2lqSJZqSUS9N_4F-ypJRL03_gX7N4UfyOCEmU5uTf44wyy5PdlW9sbCOQmzqjeB6zA-f8u&_nc_ohc=PtK0D1oF_lgQ7kNvwFZ7PPt&_nc_oc=AdkRd9U3a0wlUgmkfatPxFTUed9SCIT-EKzF7mFChDeqsmroOp5gxccIdVhGKHiXCvk&_nc_zt=24&_nc_ht=scontent.fsub6-6.fna&_nc_gid=HkYf65sj_uqJlI5KT2i2BA&oh=00_AfNASxMsbxB5VY9dGweSFIXgzcguHXHCFIg0ZwfoUS1KZw&oe=685DCCFF","2025-06-17T15:51:29.000Z","2025-06-22T13:25:43.801Z"
"COMMENT","Anjas mara","Jangan lupa selalu di WD","Jangan lupa selalu di WD","","Y29tbWVudDoyOTg1MTc3MTc4MzMxMTQyXzI5ODg0NTY0NjEzMzY1NDc=","","0","0","61570359214531","https://scontent.fsub6-6.fna.fbcdn.net/v/t39.30808-1/473815429_122111970140678640_4102470514517660228_n.jpg?stp=c0.0.720.720a_cp0_dst-jpg_s50x50_tt6&_nc_cat=100&ccb=1-7&_nc_sid=2d3e12&_nc_eui2=AeG0TVXYeapd5qOfT_diy4rn6Fb405spHV_oVvjTmykdX0ljkBv1KIBUTCa0l-30m0hfMlAzQYV03GRYgkHsEqqm&_nc_ohc=pPD7dHFonn0Q7kNvwHFVSec&_nc_oc=AdmD9P4yYQpgoUiD1xAWqTZ4gIQ9ijaNxI6t6VgU2yP_JV0npfHa7UczkvQXTVMT2ks&_nc_zt=24&_nc_ht=scontent.fsub6-6.fna&_nc_gid=HkYf65sj_uqJlI5KT2i2BA&oh=00_AfMEgIaltfX_s4tutkR3ucfGyjbFjqnAxJABb2IhNGX8wg&oe=685DD295","2025-06-17T16:18:38.000Z","2025-06-22T13:25:43.801Z"
"COMMENT","Anjas mara","Pola yg gacor di sini","Pola yg gacor di sini","","Y29tbWVudDoyOTg1MTc3MTc4MzMxMTQyXzI5ODg0NTg0NTgwMDMwMTQ=","","0","0","61570359214531","https://scontent.fsub6-6.fna.fbcdn.net/v/t39.30808-1/473815429_122111970140678640_4102470514517660228_n.jpg?stp=c0.0.720.720a_cp0_dst-jpg_s50x50_tt6&_nc_cat=100&ccb=1-7&_nc_sid=2d3e12&_nc_eui2=AeG0TVXYeapd5qOfT_diy4rn6Fb405spHV_oVvjTmykdX0ljkBv1KIBUTCa0l-30m0hfMlAzQYV03GRYgkHsEqqm&_nc_ohc=pPD7dHFonn0Q7kNvwHFVSec&_nc_oc=AdmD9P4yYQpgoUiD1xAWqTZ4gIQ9ijaNxI6t6VgU2yP_JV0npfHa7UczkvQXTVMT2ks&_nc_zt=24&_nc_ht=scontent.fsub6-6.fna&_nc_gid=HkYf65sj_uqJlI5KT2i2BA&oh=00_AfMEgIaltfX_s4tutkR3ucfGyjbFjqnAxJABb2IhNGX8wg&oe=685DD295","2025-06-17T16:20:41.000Z","2025-06-22T13:25:43.801Z"
"COMMENT","superspin ","Info link gacor","Info link gacor","","Y29tbWVudDoyOTg1MTc3MTc4MzMxMTQyXzI5ODk4MjUyODExOTk2NjU=","","0","0","61576875849610","https://scontent.fsub6-3.fna.fbcdn.net/v/t39.30808-1/503934048_122102586596895861_1870686869039895413_n.jpg?stp=cp0_dst-jpg_s50x50_tt6&_nc_cat=108&ccb=1-7&_nc_sid=2d3e12&_nc_eui2=AeEoR6IEQtGBrdbwLkRdZ8sX_Bkwgie67rL8GTCCJ7rusn8MXEzF8_QJhE-nPh48WP_MYhSc5hhCbtH_YwA1-6Nt&_nc_ohc=49HABmKpKa8Q7kNvwEnIzv6&_nc_oc=AdkYpunXLWl6KRsN7ttpQO0xX0RYWAhyttrkcAwBZXS8iVCQJw0AJbkR9gCsCInYGng&_nc_zt=24&_nc_ht=scontent.fsub6-3.fna&_nc_gid=HkYf65sj_uqJlI5KT2i2BA&oh=00_AfPA2rCOar5e6gXllFer9G4vmP23gHZwdNNfGDSRvOX25A&oe=685DE352","2025-06-18T16:05:30.000Z","2025-06-22T13:25:43.801Z"